{"cameraMode":{"drawMode":0,"name":"Shaded","section":"Shading Mode"},"sceneLighting":false,"audioPlay":false,"sceneViewState":{"m_AlwaysRefresh":true,"showFog":true,"showSkybox":true,"showFlares":true,"showImageEffects":true,"showParticleSystems":true,"showVisualEffectGraphs":true,"m_FxEnabled":true},"in2DMode":false,"pivot":{"x":-565.2313232421875,"y":3.3899996280670168,"z":40.51136779785156},"rotation":{"x":-0.25630468130111697,"y":0.06638232618570328,"z":-0.017598260194063188,"w":-0.9641982316970825},"size":8.543990135192871,"orthographic":false}