{"cameraMode":{"drawMode":0,"name":"Shaded","section":"Shading Mode"},"sceneLighting":false,"audioPlay":false,"sceneViewState":{"m_AlwaysRefresh":true,"showFog":true,"showSkybox":true,"showFlares":true,"showImageEffects":true,"showParticleSystems":true,"showVisualEffectGraphs":true,"m_FxEnabled":true},"in2DMode":false,"pivot":{"x":967.4764404296875,"y":307.77056884765627,"z":-115.951904296875},"rotation":{"x":-0.25630468130111697,"y":0.06638232618570328,"z":-0.017598260194063188,"w":-0.9641982316970825},"size":1267.0447998046875,"orthographic":false}