{"cameraMode":{"drawMode":0,"name":"Shaded","section":"Shading Mode"},"sceneLighting":true,"audioPlay":false,"sceneViewState":{"m_AlwaysRefresh":true,"showFog":true,"showSkybox":true,"showFlares":true,"showImageEffects":true,"showParticleSystems":true,"showVisualEffectGraphs":true,"m_FxEnabled":true},"in2DMode":false,"pivot":{"x":41.435611724853519,"y":-45.458229064941409,"z":7.5076680183410648},"rotation":{"x":0.19529381394386292,"y":0.6910402178764343,"z":-0.20268280804157258,"w":0.6657965183258057},"size":13.913864135742188,"orthographic":false}