{"cameraMode":{"drawMode":0,"name":"Shaded","section":"Shading Mode"},"sceneLighting":false,"audioPlay":false,"sceneViewState":{"m_AlwaysRefresh":true,"showFog":true,"showSkybox":true,"showFlares":true,"showImageEffects":true,"showParticleSystems":true,"showVisualEffectGraphs":true,"m_FxEnabled":true},"in2DMode":false,"pivot":{"x":-573.1416625976563,"y":2.046010971069336,"z":19.612812042236329},"rotation":{"x":-0.015353015623986721,"y":0.9756046533584595,"z":-0.07213038206100464,"w":-0.2069902867078781},"size":25.408775329589845,"orthographic":false}