{"cameraMode":{"drawMode":0,"name":"Shaded","section":"Shading Mode"},"sceneLighting":true,"audioPlay":false,"sceneViewState":{"m_AlwaysRefresh":true,"showFog":true,"showSkybox":true,"showFlares":true,"showImageEffects":true,"showParticleSystems":true,"showVisualEffectGraphs":true,"m_FxEnabled":true},"in2DMode":false,"pivot":{"x":0.1285414695739746,"y":1.2654881477355958,"z":-25.794775009155275},"rotation":{"x":0.037965260446071628,"y":0.9477387070655823,"z":-0.12323770672082901,"w":0.2919224500656128},"size":4.012466907501221,"orthographic":false}